{"cameraMode":{"drawMode":0,"name":"Shaded","section":"Shading Mode"},"sceneLighting":true,"audioPlay":false,"sceneViewState":{"showFog":true,"showMaterialUpdate":false,"showSkybox":true,"showFlares":true,"showImageEffects":true,"showParticleSystems":true},"in2DMode":false,"pivot":{"x":-1.510037899017334,"y":7.305293560028076,"z":-8.59225845336914},"rotation":{"x":0.337073415517807,"y":-0.004240661859512329,"z":0.0015240220818668604,"w":0.9414675831794739},"size":44.38764953613281,"orthographic":false}