{"cameraMode":{"drawMode":0,"name":"Shaded","section":"Shading Mode"},"sceneLighting":false,"audioPlay":false,"sceneViewState":{"showFog":true,"showMaterialUpdate":false,"showSkybox":true,"showFlares":true,"showImageEffects":true,"showParticleSystems":true},"in2DMode":false,"pivot":{"x":-19.451719284057618,"y":6.199790000915527,"z":-24.469999313354493},"rotation":{"x":0.3518853783607483,"y":-0.6110865473747253,"z":0.34810927510261538,"w":0.6177135109901428},"size":6.666053771972656,"orthographic":false}